x,time,lat,lon,Rainfall
0,2024-03-06,35.125,20.125,
1,2024-03-06,35.375,20.125,
2,2024-03-06,35.625,20.125,
3,2024-03-06,35.875,20.125,
4,2024-03-06,36.125,20.125,6.389565467834473
5,2024-03-06,36.375,20.125,
6,2024-03-06,36.625,20.125,6.222339630126953
7,2024-03-06,36.875,20.125,
8,2024-03-06,37.125,20.125,
9,2024-03-06,37.375,20.125,
10,2024-03-06,37.625,20.125,
11,2024-03-06,37.875,20.125,
12,2024-03-06,38.125,20.125,
13,2024-03-06,38.375,20.125,
14,2024-03-06,38.625,20.125,2.0206918716430664
15,2024-03-06,38.875,20.125,2.1350514888763428
16,2024-03-06,39.125,20.125,
17,2024-03-06,39.375,20.125,
18,2024-03-06,39.625,20.125,
19,2024-03-06,39.875,20.125,1.6691337823867798
20,2024-03-06,40.125,20.125,
21,2024-03-06,40.375,20.125,1.2449066638946533
22,2024-03-06,40.625,20.125,4.73882532119751
23,2024-03-06,40.875,20.125,8.331154823303223
24,2024-03-06,41.125,20.125,9.25546646118164
25,2024-03-06,41.375,20.125,8.697057723999023
26,2024-03-06,41.625,20.125,10.172701835632324
27,2024-03-06,41.875,20.125,7.964218616485596
28,2024-03-06,42.125,20.125,3.721891164779663
29,2024-03-06,42.375,20.125,
30,2024-03-06,42.625,20.125,
31,2024-03-06,42.875,20.125,
32,2024-03-06,43.125,20.125,1.009596586227417
33,2024-03-06,43.375,20.125,
34,2024-03-06,43.625,20.125,
35,2024-03-06,43.875,20.125,
36,2024-03-06,44.125,20.125,
37,2024-03-06,44.375,20.125,
38,2024-03-06,44.625,20.125,
39,2024-03-06,44.875,20.125,
40,2024-03-06,35.125,20.375,
41,2024-03-06,35.375,20.375,
42,2024-03-06,35.625,20.375,
43,2024-03-06,35.875,20.375,
44,2024-03-06,36.125,20.375,
45,2024-03-06,36.375,20.375,3.867483377456665
46,2024-03-06,36.625,20.375,14.084925651550293
47,2024-03-06,36.875,20.375,
48,2024-03-06,37.125,20.375,
49,2024-03-06,37.375,20.375,
50,2024-03-06,37.625,20.375,
51,2024-03-06,37.875,20.375,
52,2024-03-06,38.125,20.375,
53,2024-03-06,38.375,20.375,5.915567874908447
54,2024-03-06,38.625,20.375,3.013024091720581
55,2024-03-06,38.875,20.375,
56,2024-03-06,39.125,20.375,
57,2024-03-06,39.375,20.375,
58,2024-03-06,39.625,20.375,1.2996790409088135
59,2024-03-06,39.875,20.375,2.336622476577759
60,2024-03-06,40.125,20.375,2.188936948776245
61,2024-03-06,40.375,20.375,3.2851998805999756
62,2024-03-06,40.625,20.375,7.252699375152588
63,2024-03-06,40.875,20.375,8.75119400024414
64,2024-03-06,41.125,20.375,6.0587077140808105
65,2024-03-06,41.375,20.375,5.191606044769287
66,2024-03-06,41.625,20.375,8.213692665100098
67,2024-03-06,41.875,20.375,5.5542168617248535
68,2024-03-06,42.125,20.375,2.935459613800049
69,2024-03-06,42.375,20.375,1.1779800653457642
70,2024-03-06,42.625,20.375,
71,2024-03-06,42.875,20.375,
72,2024-03-06,43.125,20.375,
73,2024-03-06,43.375,20.375,
74,2024-03-06,43.625,20.375,
75,2024-03-06,43.875,20.375,
76,2024-03-06,44.125,20.375,
77,2024-03-06,44.375,20.375,
78,2024-03-06,44.625,20.375,
79,2024-03-06,44.875,20.375,
80,2024-03-06,35.125,20.625,
81,2024-03-06,35.375,20.625,
82,2024-03-06,35.625,20.625,
83,2024-03-06,35.875,20.625,
84,2024-03-06,36.125,20.625,
85,2024-03-06,36.375,20.625,6.3352370262146
86,2024-03-06,36.625,20.625,3.5423526763916016
87,2024-03-06,36.875,20.625,1.2000000476837158
88,2024-03-06,37.125,20.625,
89,2024-03-06,37.375,20.625,
90,2024-03-06,37.625,20.625,
91,2024-03-06,37.875,20.625,
92,2024-03-06,38.125,20.625,
93,2024-03-06,38.375,20.625,7.188737869262695
94,2024-03-06,38.625,20.625,
95,2024-03-06,38.875,20.625,
96,2024-03-06,39.125,20.625,1.5296521186828613
97,2024-03-06,39.375,20.625,1.0463485717773438
98,2024-03-06,39.625,20.625,4.284040927886963
99,2024-03-06,39.875,20.625,5.105619430541992
100,2024-03-06,40.125,20.625,4.369578838348389
101,2024-03-06,40.375,20.625,6.400635719299316
102,2024-03-06,40.625,20.625,9.587443351745605
103,2024-03-06,40.875,20.625,8.846333503723145
104,2024-03-06,41.125,20.625,5.817118167877197
105,2024-03-06,41.375,20.625,4.942780494689941
106,2024-03-06,41.625,20.625,4.667326927185059
107,2024-03-06,41.875,20.625,4.172811031341553
108,2024-03-06,42.125,20.625,
109,2024-03-06,42.375,20.625,1.128557562828064
110,2024-03-06,42.625,20.625,
111,2024-03-06,42.875,20.625,
112,2024-03-06,43.125,20.625,
113,2024-03-06,43.375,20.625,1.412833333015442
114,2024-03-06,43.625,20.625,
115,2024-03-06,43.875,20.625,
116,2024-03-06,44.125,20.625,
117,2024-03-06,44.375,20.625,
118,2024-03-06,44.625,20.625,
119,2024-03-06,44.875,20.625,
120,2024-03-06,35.125,20.875,
121,2024-03-06,35.375,20.875,
122,2024-03-06,35.625,20.875,
123,2024-03-06,35.875,20.875,15.74820327758789
124,2024-03-06,36.125,20.875,
125,2024-03-06,36.375,20.875,3.440774440765381
126,2024-03-06,36.625,20.875,4.859524250030518
127,2024-03-06,36.875,20.875,3.8140788078308105
128,2024-03-06,37.125,20.875,1.4430005550384521
129,2024-03-06,37.375,20.875,
130,2024-03-06,37.625,20.875,1.1241812705993652
131,2024-03-06,37.875,20.875,
132,2024-03-06,38.125,20.875,
133,2024-03-06,38.375,20.875,3.279728651046753
134,2024-03-06,38.625,20.875,
135,2024-03-06,38.875,20.875,1.0907166004180908
136,2024-03-06,39.125,20.875,2.641761302947998
137,2024-03-06,39.375,20.875,2.9185755252838135
138,2024-03-06,39.625,20.875,5.824239253997803
139,2024-03-06,39.875,20.875,5.013932228088379
140,2024-03-06,40.125,20.875,1.7720963954925537
141,2024-03-06,40.375,20.875,5.296964645385742
142,2024-03-06,40.625,20.875,9.815742492675781
143,2024-03-06,40.875,20.875,6.857041358947754
144,2024-03-06,41.125,20.875,4.803500175476074
145,2024-03-06,41.375,20.875,5.764392375946045
146,2024-03-06,41.625,20.875,6.404272079467773
147,2024-03-06,41.875,20.875,5.580794811248779
148,2024-03-06,42.125,20.875,
149,2024-03-06,42.375,20.875,
150,2024-03-06,42.625,20.875,
151,2024-03-06,42.875,20.875,
152,2024-03-06,43.125,20.875,
153,2024-03-06,43.375,20.875,1.622237205505371
154,2024-03-06,43.625,20.875,1.3551456928253174
155,2024-03-06,43.875,20.875,
156,2024-03-06,44.125,20.875,
157,2024-03-06,44.375,20.875,
158,2024-03-06,44.625,20.875,
159,2024-03-06,44.875,20.875,
160,2024-03-06,35.125,21.125,
161,2024-03-06,35.375,21.125,
162,2024-03-06,35.625,21.125,
163,2024-03-06,35.875,21.125,
164,2024-03-06,36.125,21.125,1.2101937532424927
165,2024-03-06,36.375,21.125,5.97315788269043
166,2024-03-06,36.625,21.125,12.3468599319458
167,2024-03-06,36.875,21.125,5.547446250915527
168,2024-03-06,37.125,21.125,17.05971908569336
169,2024-03-06,37.375,21.125,1.5775123834609985
170,2024-03-06,37.625,21.125,
171,2024-03-06,37.875,21.125,
172,2024-03-06,38.125,21.125,1.084436058998108
173,2024-03-06,38.375,21.125,
174,2024-03-06,38.625,21.125,2.445862054824829
175,2024-03-06,38.875,21.125,2.5916495323181152
176,2024-03-06,39.125,21.125,4.059891223907471
177,2024-03-06,39.375,21.125,3.3312156200408936
178,2024-03-06,39.625,21.125,3.45271897315979
179,2024-03-06,39.875,21.125,4.805375576019287
180,2024-03-06,40.125,21.125,2.55478572845459
181,2024-03-06,40.375,21.125,6.431520462036133
182,2024-03-06,40.625,21.125,11.120049476623535
183,2024-03-06,40.875,21.125,5.053686141967773
184,2024-03-06,41.125,21.125,4.4383344650268555
185,2024-03-06,41.375,21.125,5.486878871917725
186,2024-03-06,41.625,21.125,7.442696571350098
187,2024-03-06,41.875,21.125,3.988459825515747
188,2024-03-06,42.125,21.125,1.1138324737548828
189,2024-03-06,42.375,21.125,
190,2024-03-06,42.625,21.125,
191,2024-03-06,42.875,21.125,
192,2024-03-06,43.125,21.125,
193,2024-03-06,43.375,21.125,1.0134570598602295
194,2024-03-06,43.625,21.125,1.0778969526290894
195,2024-03-06,43.875,21.125,1.004220962524414
196,2024-03-06,44.125,21.125,
197,2024-03-06,44.375,21.125,
198,2024-03-06,44.625,21.125,
199,2024-03-06,44.875,21.125,
200,2024-03-06,35.125,21.375,
201,2024-03-06,35.375,21.375,
202,2024-03-06,35.625,21.375,
203,2024-03-06,35.875,21.375,4.2326154708862305
204,2024-03-06,36.125,21.375,12.141258239746094
205,2024-03-06,36.375,21.375,8.293127059936523
206,2024-03-06,36.625,21.375,14.592166900634766
207,2024-03-06,36.875,21.375,7.380251407623291
208,2024-03-06,37.125,21.375,6.359107971191406
209,2024-03-06,37.375,21.375,2.9626646041870117
210,2024-03-06,37.625,21.375,
211,2024-03-06,37.875,21.375,4.801086902618408
212,2024-03-06,38.125,21.375,1.8190571069717407
213,2024-03-06,38.375,21.375,5.379146099090576
214,2024-03-06,38.625,21.375,8.783833503723145
215,2024-03-06,38.875,21.375,5.414011001586914
216,2024-03-06,39.125,21.375,4.137746810913086
217,2024-03-06,39.375,21.375,3.505457639694214
218,2024-03-06,39.625,21.375,4.2537384033203125
219,2024-03-06,39.875,21.375,4.186183929443359
220,2024-03-06,40.125,21.375,3.3192460536956787
221,2024-03-06,40.375,21.375,5.501965522766113
222,2024-03-06,40.625,21.375,12.808250427246094
223,2024-03-06,40.875,21.375,7.465583801269531
224,2024-03-06,41.125,21.375,6.557016372680664
225,2024-03-06,41.375,21.375,5.372306823730469
226,2024-03-06,41.625,21.375,4.56265926361084
227,2024-03-06,41.875,21.375,2.437779426574707
228,2024-03-06,42.125,21.375,1.6646997928619385
229,2024-03-06,42.375,21.375,
230,2024-03-06,42.625,21.375,
231,2024-03-06,42.875,21.375,
232,2024-03-06,43.125,21.375,
233,2024-03-06,43.375,21.375,
234,2024-03-06,43.625,21.375,
235,2024-03-06,43.875,21.375,
236,2024-03-06,44.125,21.375,
237,2024-03-06,44.375,21.375,
238,2024-03-06,44.625,21.375,
239,2024-03-06,44.875,21.375,
240,2024-03-06,35.125,21.625,
241,2024-03-06,35.375,21.625,
242,2024-03-06,35.625,21.625,
243,2024-03-06,35.875,21.625,
244,2024-03-06,36.125,21.625,9.657795906066895
245,2024-03-06,36.375,21.625,17.913543701171875
246,2024-03-06,36.625,21.625,25.05773162841797
247,2024-03-06,36.875,21.625,7.443713188171387
248,2024-03-06,37.125,21.625,2.9850223064422607
249,2024-03-06,37.375,21.625,6.1996660232543945
250,2024-03-06,37.625,21.625,5.27866792678833
251,2024-03-06,37.875,21.625,5.586069107055664
252,2024-03-06,38.125,21.625,5.452665328979492
253,2024-03-06,38.375,21.625,11.357271194458008
254,2024-03-06,38.625,21.625,5.852949142456055
255,2024-03-06,38.875,21.625,5.619893550872803
256,2024-03-06,39.125,21.625,5.513485908508301
257,2024-03-06,39.375,21.625,7.428989887237549
258,2024-03-06,39.625,21.625,8.7970609664917
259,2024-03-06,39.875,21.625,5.836093902587891
260,2024-03-06,40.125,21.625,6.225705623626709
261,2024-03-06,40.375,21.625,5.9655866622924805
262,2024-03-06,40.625,21.625,10.873052597045898
263,2024-03-06,40.875,21.625,11.650062561035156
264,2024-03-06,41.125,21.625,8.50050163269043
265,2024-03-06,41.375,21.625,7.961326599121094
266,2024-03-06,41.625,21.625,5.212337493896484
267,2024-03-06,41.875,21.625,1.571526288986206
268,2024-03-06,42.125,21.625,1.186278223991394
269,2024-03-06,42.375,21.625,
270,2024-03-06,42.625,21.625,
271,2024-03-06,42.875,21.625,
272,2024-03-06,43.125,21.625,
273,2024-03-06,43.375,21.625,
274,2024-03-06,43.625,21.625,
275,2024-03-06,43.875,21.625,
276,2024-03-06,44.125,21.625,
277,2024-03-06,44.375,21.625,1.26788330078125
278,2024-03-06,44.625,21.625,
279,2024-03-06,44.875,21.625,
280,2024-03-06,35.125,21.875,
281,2024-03-06,35.375,21.875,
282,2024-03-06,35.625,21.875,
283,2024-03-06,35.875,21.875,
284,2024-03-06,36.125,21.875,2.6688947677612305
285,2024-03-06,36.375,21.875,8.75085163116455
286,2024-03-06,36.625,21.875,14.401954650878906
287,2024-03-06,36.875,21.875,5.011273384094238
288,2024-03-06,37.125,21.875,6.5363874435424805
289,2024-03-06,37.375,21.875,6.21632194519043
290,2024-03-06,37.625,21.875,5.11195182800293
291,2024-03-06,37.875,21.875,5.635547637939453
292,2024-03-06,38.125,21.875,5.321285724639893
293,2024-03-06,38.375,21.875,9.126848220825195
294,2024-03-06,38.625,21.875,4.763431072235107
295,2024-03-06,38.875,21.875,6.6543731689453125
296,2024-03-06,39.125,21.875,6.653558254241943
297,2024-03-06,39.375,21.875,8.231287002563477
298,2024-03-06,39.625,21.875,8.017043113708496
299,2024-03-06,39.875,21.875,4.497616291046143
300,2024-03-06,40.125,21.875,6.287245750427246
301,2024-03-06,40.375,21.875,8.028599739074707
302,2024-03-06,40.625,21.875,12.603471755981445
303,2024-03-06,40.875,21.875,16.403202056884766
304,2024-03-06,41.125,21.875,14.425458908081055
305,2024-03-06,41.375,21.875,7.306936740875244
306,2024-03-06,41.625,21.875,5.052794456481934
307,2024-03-06,41.875,21.875,
308,2024-03-06,42.125,21.875,
309,2024-03-06,42.375,21.875,1.3855955600738525
310,2024-03-06,42.625,21.875,1.1672179698944092
311,2024-03-06,42.875,21.875,
312,2024-03-06,43.125,21.875,
313,2024-03-06,43.375,21.875,
314,2024-03-06,43.625,21.875,
315,2024-03-06,43.875,21.875,
316,2024-03-06,44.125,21.875,
317,2024-03-06,44.375,21.875,
318,2024-03-06,44.625,21.875,
319,2024-03-06,44.875,21.875,
320,2024-03-06,35.125,22.125,
321,2024-03-06,35.375,22.125,
322,2024-03-06,35.625,22.125,
323,2024-03-06,35.875,22.125,2.5164310932159424
324,2024-03-06,36.125,22.125,4.131403923034668
325,2024-03-06,36.375,22.125,6.275321006774902
326,2024-03-06,36.625,22.125,7.576174736022949
327,2024-03-06,36.875,22.125,1.552068829536438
328,2024-03-06,37.125,22.125,5.36446475982666
329,2024-03-06,37.375,22.125,4.632743835449219
330,2024-03-06,37.625,22.125,3.3037030696868896
331,2024-03-06,37.875,22.125,2.0492818355560303
332,2024-03-06,38.125,22.125,2.8844213485717773
333,2024-03-06,38.375,22.125,3.634854316711426
334,2024-03-06,38.625,22.125,4.119349479675293
335,2024-03-06,38.875,22.125,6.893542766571045
336,2024-03-06,39.125,22.125,5.6879658699035645
337,2024-03-06,39.375,22.125,3.8035836219787598
338,2024-03-06,39.625,22.125,3.69036602973938
339,2024-03-06,39.875,22.125,2.522993803024292
340,2024-03-06,40.125,22.125,2.982954502105713
341,2024-03-06,40.375,22.125,4.251317501068115
342,2024-03-06,40.625,22.125,8.022536277770996
343,2024-03-06,40.875,22.125,20.38050079345703
344,2024-03-06,41.125,22.125,16.69141960144043
345,2024-03-06,41.375,22.125,6.4384765625
346,2024-03-06,41.625,22.125,2.7946743965148926
347,2024-03-06,41.875,22.125,
348,2024-03-06,42.125,22.125,1.9221577644348145
349,2024-03-06,42.375,22.125,2.3827247619628906
350,2024-03-06,42.625,22.125,1.9767476320266724
351,2024-03-06,42.875,22.125,1.1502622365951538
352,2024-03-06,43.125,22.125,
353,2024-03-06,43.375,22.125,
354,2024-03-06,43.625,22.125,
355,2024-03-06,43.875,22.125,
356,2024-03-06,44.125,22.125,
357,2024-03-06,44.375,22.125,
358,2024-03-06,44.625,22.125,
359,2024-03-06,44.875,22.125,1.187633991241455
360,2024-03-06,35.125,22.375,
361,2024-03-06,35.375,22.375,
362,2024-03-06,35.625,22.375,
363,2024-03-06,35.875,22.375,6.316026210784912
364,2024-03-06,36.125,22.375,7.447495460510254
365,2024-03-06,36.375,22.375,3.00165057182312
366,2024-03-06,36.625,22.375,2.406477689743042
367,2024-03-06,36.875,22.375,1.8272497653961182
368,2024-03-06,37.125,22.375,1.6646205186843872
369,2024-03-06,37.375,22.375,
370,2024-03-06,37.625,22.375,
371,2024-03-06,37.875,22.375,
372,2024-03-06,38.125,22.375,
373,2024-03-06,38.375,22.375,
374,2024-03-06,38.625,22.375,1.9057146310806274
375,2024-03-06,38.875,22.375,5.15072774887085
376,2024-03-06,39.125,22.375,3.59344744682312
377,2024-03-06,39.375,22.375,
378,2024-03-06,39.625,22.375,
379,2024-03-06,39.875,22.375,2.41145920753479
380,2024-03-06,40.125,22.375,1.4509769678115845
381,2024-03-06,40.375,22.375,6.118868827819824
382,2024-03-06,40.625,22.375,5.879640579223633
383,2024-03-06,40.875,22.375,14.418303489685059
384,2024-03-06,41.125,22.375,16.492393493652344
385,2024-03-06,41.375,22.375,9.375609397888184
386,2024-03-06,41.625,22.375,4.458311080932617
387,2024-03-06,41.875,22.375,1.831516146659851
388,2024-03-06,42.125,22.375,2.9224095344543457
389,2024-03-06,42.375,22.375,2.3141088485717773
390,2024-03-06,42.625,22.375,2.475147008895874
391,2024-03-06,42.875,22.375,1.5857150554656982
392,2024-03-06,43.125,22.375,1.2230538129806519
393,2024-03-06,43.375,22.375,1.2291256189346313
394,2024-03-06,43.625,22.375,
395,2024-03-06,43.875,22.375,
396,2024-03-06,44.125,22.375,
397,2024-03-06,44.375,22.375,
398,2024-03-06,44.625,22.375,1.7890028953552246
399,2024-03-06,44.875,22.375,1.1675351858139038
400,2024-03-06,35.125,22.625,
401,2024-03-06,35.375,22.625,
402,2024-03-06,35.625,22.625,
403,2024-03-06,35.875,22.625,5.5517120361328125
404,2024-03-06,36.125,22.625,4.923679351806641
405,2024-03-06,36.375,22.625,1.834975004196167
406,2024-03-06,36.625,22.625,
407,2024-03-06,36.875,22.625,1.2498973608016968
408,2024-03-06,37.125,22.625,1.4668793678283691
409,2024-03-06,37.375,22.625,1.1143279075622559
410,2024-03-06,37.625,22.625,
411,2024-03-06,37.875,22.625,1.4592760801315308
412,2024-03-06,38.125,22.625,
413,2024-03-06,38.375,22.625,
414,2024-03-06,38.625,22.625,
415,2024-03-06,38.875,22.625,2.591404438018799
416,2024-03-06,39.125,22.625,
417,2024-03-06,39.375,22.625,
418,2024-03-06,39.625,22.625,1.0532164573669434
419,2024-03-06,39.875,22.625,
420,2024-03-06,40.125,22.625,
421,2024-03-06,40.375,22.625,14.081414222717285
422,2024-03-06,40.625,22.625,11.632074356079102
423,2024-03-06,40.875,22.625,9.205209732055664
424,2024-03-06,41.125,22.625,12.855700492858887
425,2024-03-06,41.375,22.625,7.8203229904174805
426,2024-03-06,41.625,22.625,4.812925815582275
427,2024-03-06,41.875,22.625,2.7269787788391113
428,2024-03-06,42.125,22.625,2.563148021697998
429,2024-03-06,42.375,22.625,1.8415484428405762
430,2024-03-06,42.625,22.625,1.8546395301818848
431,2024-03-06,42.875,22.625,1.9837578535079956
432,2024-03-06,43.125,22.625,1.6979652643203735
433,2024-03-06,43.375,22.625,1.8890599012374878
434,2024-03-06,43.625,22.625,1.3871344327926636
435,2024-03-06,43.875,22.625,
436,2024-03-06,44.125,22.625,
437,2024-03-06,44.375,22.625,
438,2024-03-06,44.625,22.625,1.7207812070846558
439,2024-03-06,44.875,22.625,1.8648629188537598
440,2024-03-06,35.125,22.875,
441,2024-03-06,35.375,22.875,
442,2024-03-06,35.625,22.875,
443,2024-03-06,35.875,22.875,1.453930139541626
444,2024-03-06,36.125,22.875,
445,2024-03-06,36.375,22.875,6.616426467895508
446,2024-03-06,36.625,22.875,
447,2024-03-06,36.875,22.875,
448,2024-03-06,37.125,22.875,1.689076542854309
449,2024-03-06,37.375,22.875,
450,2024-03-06,37.625,22.875,
451,2024-03-06,37.875,22.875,
452,2024-03-06,38.125,22.875,
453,2024-03-06,38.375,22.875,
454,2024-03-06,38.625,22.875,
455,2024-03-06,38.875,22.875,1.0463786125183105
456,2024-03-06,39.125,22.875,
457,2024-03-06,39.375,22.875,1.158122181892395
458,2024-03-06,39.625,22.875,
459,2024-03-06,39.875,22.875,
460,2024-03-06,40.125,22.875,2.9445178508758545
461,2024-03-06,40.375,22.875,9.43471622467041
462,2024-03-06,40.625,22.875,13.983612060546875
463,2024-03-06,40.875,22.875,4.824646949768066
464,2024-03-06,41.125,22.875,7.606500148773193
465,2024-03-06,41.375,22.875,5.9816741943359375
466,2024-03-06,41.625,22.875,3.1004934310913086
467,2024-03-06,41.875,22.875,2.135637044906616
468,2024-03-06,42.125,22.875,1.6269153356552124
469,2024-03-06,42.375,22.875,
470,2024-03-06,42.625,22.875,
471,2024-03-06,42.875,22.875,1.742679238319397
472,2024-03-06,43.125,22.875,2.5866506099700928
473,2024-03-06,43.375,22.875,1.653261661529541
474,2024-03-06,43.625,22.875,
475,2024-03-06,43.875,22.875,
476,2024-03-06,44.125,22.875,
477,2024-03-06,44.375,22.875,
478,2024-03-06,44.625,22.875,
479,2024-03-06,44.875,22.875,1.1272510290145874
480,2024-03-06,35.125,23.125,
481,2024-03-06,35.375,23.125,
482,2024-03-06,35.625,23.125,
483,2024-03-06,35.875,23.125,
484,2024-03-06,36.125,23.125,
485,2024-03-06,36.375,23.125,5.489574432373047
486,2024-03-06,36.625,23.125,
487,2024-03-06,36.875,23.125,
488,2024-03-06,37.125,23.125,
489,2024-03-06,37.375,23.125,
490,2024-03-06,37.625,23.125,
491,2024-03-06,37.875,23.125,
492,2024-03-06,38.125,23.125,
493,2024-03-06,38.375,23.125,
494,2024-03-06,38.625,23.125,
495,2024-03-06,38.875,23.125,1.9968181848526
496,2024-03-06,39.125,23.125,
497,2024-03-06,39.375,23.125,1.5342575311660767
498,2024-03-06,39.625,23.125,1.832698106765747
499,2024-03-06,39.875,23.125,5.780162334442139
500,2024-03-06,40.125,23.125,9.066006660461426
501,2024-03-06,40.375,23.125,10.040816307067871
502,2024-03-06,40.625,23.125,13.970956802368164
503,2024-03-06,40.875,23.125,9.904945373535156
504,2024-03-06,41.125,23.125,13.339200019836426
505,2024-03-06,41.375,23.125,8.653091430664062
506,2024-03-06,41.625,23.125,3.209141731262207
507,2024-03-06,41.875,23.125,2.232067346572876
508,2024-03-06,42.125,23.125,1.9658924341201782
509,2024-03-06,42.375,23.125,
510,2024-03-06,42.625,23.125,
511,2024-03-06,42.875,23.125,1.7848267555236816
512,2024-03-06,43.125,23.125,1.737626314163208
513,2024-03-06,43.375,23.125,
514,2024-03-06,43.625,23.125,
515,2024-03-06,43.875,23.125,
516,2024-03-06,44.125,23.125,
517,2024-03-06,44.375,23.125,
518,2024-03-06,44.625,23.125,
519,2024-03-06,44.875,23.125,1.1410375833511353
520,2024-03-06,35.125,23.375,
521,2024-03-06,35.375,23.375,
522,2024-03-06,35.625,23.375,
523,2024-03-06,35.875,23.375,
524,2024-03-06,36.125,23.375,
525,2024-03-06,36.375,23.375,
526,2024-03-06,36.625,23.375,
527,2024-03-06,36.875,23.375,
528,2024-03-06,37.125,23.375,
529,2024-03-06,37.375,23.375,
530,2024-03-06,37.625,23.375,
531,2024-03-06,37.875,23.375,1.97294020652771
532,2024-03-06,38.125,23.375,1.3256337642669678
533,2024-03-06,38.375,23.375,
534,2024-03-06,38.625,23.375,10.524735450744629
535,2024-03-06,38.875,23.375,3.0998497009277344
536,2024-03-06,39.125,23.375,7.2616400718688965
537,2024-03-06,39.375,23.375,2.9115123748779297
538,2024-03-06,39.625,23.375,3.392021656036377
539,2024-03-06,39.875,23.375,3.246359348297119
540,2024-03-06,40.125,23.375,33.012962341308594
541,2024-03-06,40.375,23.375,5.477395057678223
542,2024-03-06,40.625,23.375,9.521366119384766
543,2024-03-06,40.875,23.375,10.517354011535645
544,2024-03-06,41.125,23.375,13.33065414428711
545,2024-03-06,41.375,23.375,6.867974281311035
546,2024-03-06,41.625,23.375,4.678029537200928
547,2024-03-06,41.875,23.375,1.6417310237884521
548,2024-03-06,42.125,23.375,1.4485608339309692
549,2024-03-06,42.375,23.375,1.6603425741195679
550,2024-03-06,42.625,23.375,1.2524313926696777
551,2024-03-06,42.875,23.375,1.6554700136184692
552,2024-03-06,43.125,23.375,2.268754243850708
553,2024-03-06,43.375,23.375,1.5803449153900146
554,2024-03-06,43.625,23.375,
555,2024-03-06,43.875,23.375,
556,2024-03-06,44.125,23.375,
557,2024-03-06,44.375,23.375,
558,2024-03-06,44.625,23.375,
559,2024-03-06,44.875,23.375,2.0211873054504395
560,2024-03-06,35.125,23.625,
561,2024-03-06,35.375,23.625,
562,2024-03-06,35.625,23.625,
563,2024-03-06,35.875,23.625,
564,2024-03-06,36.125,23.625,
565,2024-03-06,36.375,23.625,
566,2024-03-06,36.625,23.625,
567,2024-03-06,36.875,23.625,
568,2024-03-06,37.125,23.625,
569,2024-03-06,37.375,23.625,
570,2024-03-06,37.625,23.625,
571,2024-03-06,37.875,23.625,14.700322151184082
572,2024-03-06,38.125,23.625,4.0589776039123535
573,2024-03-06,38.375,23.625,1.2056890726089478
574,2024-03-06,38.625,23.625,2.1303939819335938
575,2024-03-06,38.875,23.625,19.00193977355957
576,2024-03-06,39.125,23.625,9.162013053894043
577,2024-03-06,39.375,23.625,4.660353660583496
578,2024-03-06,39.625,23.625,5.106090545654297
579,2024-03-06,39.875,23.625,2.3717634677886963
580,2024-03-06,40.125,23.625,6.577137470245361
581,2024-03-06,40.375,23.625,7.707711696624756
582,2024-03-06,40.625,23.625,40.46347427368164
583,2024-03-06,40.875,23.625,15.426633834838867
584,2024-03-06,41.125,23.625,14.337039947509766
585,2024-03-06,41.375,23.625,8.103537559509277
586,2024-03-06,41.625,23.625,5.149994373321533
587,2024-03-06,41.875,23.625,2.214982509613037
588,2024-03-06,42.125,23.625,1.2293891906738281
589,2024-03-06,42.375,23.625,1.4522640705108643
590,2024-03-06,42.625,23.625,1.1268064975738525
591,2024-03-06,42.875,23.625,1.2513402700424194
592,2024-03-06,43.125,23.625,2.0669143199920654
593,2024-03-06,43.375,23.625,1.2957082986831665
594,2024-03-06,43.625,23.625,
595,2024-03-06,43.875,23.625,
596,2024-03-06,44.125,23.625,
597,2024-03-06,44.375,23.625,
598,2024-03-06,44.625,23.625,1.0026659965515137
599,2024-03-06,44.875,23.625,2.45666241645813
600,2024-03-06,35.125,23.875,
601,2024-03-06,35.375,23.875,
602,2024-03-06,35.625,23.875,
603,2024-03-06,35.875,23.875,
604,2024-03-06,36.125,23.875,
605,2024-03-06,36.375,23.875,
606,2024-03-06,36.625,23.875,
607,2024-03-06,36.875,23.875,
608,2024-03-06,37.125,23.875,
609,2024-03-06,37.375,23.875,
610,2024-03-06,37.625,23.875,1.874706745147705
611,2024-03-06,37.875,23.875,6.6789422035217285
612,2024-03-06,38.125,23.875,4.720178127288818
613,2024-03-06,38.375,23.875,3.0627996921539307
614,2024-03-06,38.625,23.875,16.720693588256836
615,2024-03-06,38.875,23.875,15.346473693847656
616,2024-03-06,39.125,23.875,8.505120277404785
617,2024-03-06,39.375,23.875,6.968447208404541
618,2024-03-06,39.625,23.875,4.996270179748535
619,2024-03-06,39.875,23.875,2.555011034011841
620,2024-03-06,40.125,23.875,8.906999588012695
621,2024-03-06,40.375,23.875,35.44462966918945
622,2024-03-06,40.625,23.875,37.05638122558594
623,2024-03-06,40.875,23.875,38.82652282714844
624,2024-03-06,41.125,23.875,18.225078582763672
625,2024-03-06,41.375,23.875,10.824798583984375
626,2024-03-06,41.625,23.875,4.376183032989502
627,2024-03-06,41.875,23.875,3.185779094696045
628,2024-03-06,42.125,23.875,
629,2024-03-06,42.375,23.875,
630,2024-03-06,42.625,23.875,
631,2024-03-06,42.875,23.875,
632,2024-03-06,43.125,23.875,
633,2024-03-06,43.375,23.875,
634,2024-03-06,43.625,23.875,
635,2024-03-06,43.875,23.875,
636,2024-03-06,44.125,23.875,
637,2024-03-06,44.375,23.875,
638,2024-03-06,44.625,23.875,2.481070041656494
639,2024-03-06,44.875,23.875,3.859161138534546
640,2024-03-06,35.125,24.125,
641,2024-03-06,35.375,24.125,1.7941546440124512
642,2024-03-06,35.625,24.125,
643,2024-03-06,35.875,24.125,
644,2024-03-06,36.125,24.125,
645,2024-03-06,36.375,24.125,
646,2024-03-06,36.625,24.125,
647,2024-03-06,36.875,24.125,
648,2024-03-06,37.125,24.125,
649,2024-03-06,37.375,24.125,1.961966872215271
650,2024-03-06,37.625,24.125,6.954319000244141
651,2024-03-06,37.875,24.125,8.081235885620117
652,2024-03-06,38.125,24.125,16.450687408447266
653,2024-03-06,38.375,24.125,28.066408157348633
654,2024-03-06,38.625,24.125,23.39305305480957
655,2024-03-06,38.875,24.125,9.047553062438965
656,2024-03-06,39.125,24.125,6.68731164932251
657,2024-03-06,39.375,24.125,7.835346698760986
658,2024-03-06,39.625,24.125,29.36597442626953
659,2024-03-06,39.875,24.125,40.532203674316406
660,2024-03-06,40.125,24.125,24.076303482055664
661,2024-03-06,40.375,24.125,53.47557830810547
662,2024-03-06,40.625,24.125,40.558433532714844
663,2024-03-06,40.875,24.125,20.464176177978516
664,2024-03-06,41.125,24.125,23.494937896728516
665,2024-03-06,41.375,24.125,12.138654708862305
666,2024-03-06,41.625,24.125,3.996522903442383
667,2024-03-06,41.875,24.125,5.397897243499756
668,2024-03-06,42.125,24.125,
669,2024-03-06,42.375,24.125,
670,2024-03-06,42.625,24.125,1.0129376649856567
671,2024-03-06,42.875,24.125,
672,2024-03-06,43.125,24.125,
673,2024-03-06,43.375,24.125,
674,2024-03-06,43.625,24.125,
675,2024-03-06,43.875,24.125,
676,2024-03-06,44.125,24.125,
677,2024-03-06,44.375,24.125,
678,2024-03-06,44.625,24.125,2.4332242012023926
679,2024-03-06,44.875,24.125,3.9544124603271484
680,2024-03-06,35.125,24.375,
681,2024-03-06,35.375,24.375,
682,2024-03-06,35.625,24.375,
683,2024-03-06,35.875,24.375,
684,2024-03-06,36.125,24.375,
685,2024-03-06,36.375,24.375,
686,2024-03-06,36.625,24.375,
687,2024-03-06,36.875,24.375,
688,2024-03-06,37.125,24.375,
689,2024-03-06,37.375,24.375,2.9877612590789795
690,2024-03-06,37.625,24.375,11.004868507385254
691,2024-03-06,37.875,24.375,9.311664581298828
692,2024-03-06,38.125,24.375,13.534343719482422
693,2024-03-06,38.375,24.375,17.592920303344727
694,2024-03-06,38.625,24.375,16.39890480041504
695,2024-03-06,38.875,24.375,9.329251289367676
696,2024-03-06,39.125,24.375,7.023508548736572
697,2024-03-06,39.375,24.375,26.2601261138916
698,2024-03-06,39.625,24.375,73.88624572753906
699,2024-03-06,39.875,24.375,32.75284957885742
700,2024-03-06,40.125,24.375,32.307403564453125
701,2024-03-06,40.375,24.375,147.58607482910156
702,2024-03-06,40.625,24.375,90.92345428466797
703,2024-03-06,40.875,24.375,55.25514221191406
704,2024-03-06,41.125,24.375,17.039447784423828
705,2024-03-06,41.375,24.375,12.520092964172363
706,2024-03-06,41.625,24.375,2.1937477588653564
707,2024-03-06,41.875,24.375,4.061738967895508
708,2024-03-06,42.125,24.375,
709,2024-03-06,42.375,24.375,
710,2024-03-06,42.625,24.375,1.3655048608779907
711,2024-03-06,42.875,24.375,1.233285903930664
712,2024-03-06,43.125,24.375,
713,2024-03-06,43.375,24.375,
714,2024-03-06,43.625,24.375,
715,2024-03-06,43.875,24.375,
716,2024-03-06,44.125,24.375,
717,2024-03-06,44.375,24.375,1.4272748231887817
718,2024-03-06,44.625,24.375,2.4236297607421875
719,2024-03-06,44.875,24.375,3.0111899375915527
720,2024-03-06,35.125,24.625,1.2184652090072632
721,2024-03-06,35.375,24.625,
722,2024-03-06,35.625,24.625,
723,2024-03-06,35.875,24.625,
724,2024-03-06,36.125,24.625,
725,2024-03-06,36.375,24.625,
726,2024-03-06,36.625,24.625,
727,2024-03-06,36.875,24.625,
728,2024-03-06,37.125,24.625,1.4157664775848389
729,2024-03-06,37.375,24.625,1.8497263193130493
730,2024-03-06,37.625,24.625,9.601595878601074
731,2024-03-06,37.875,24.625,9.818568229675293
732,2024-03-06,38.125,24.625,12.116799354553223
733,2024-03-06,38.375,24.625,8.516679763793945
734,2024-03-06,38.625,24.625,12.844525337219238
735,2024-03-06,38.875,24.625,7.437140941619873
736,2024-03-06,39.125,24.625,37.96085739135742
737,2024-03-06,39.375,24.625,43.74494171142578
738,2024-03-06,39.625,24.625,57.62364196777344
739,2024-03-06,39.875,24.625,34.6406135559082
740,2024-03-06,40.125,24.625,45.803688049316406
741,2024-03-06,40.375,24.625,42.13880920410156
742,2024-03-06,40.625,24.625,77.97914123535156
743,2024-03-06,40.875,24.625,74.20381927490234
744,2024-03-06,41.125,24.625,14.206839561462402
745,2024-03-06,41.375,24.625,10.936637878417969
746,2024-03-06,41.625,24.625,4.762829303741455
747,2024-03-06,41.875,24.625,3.10379695892334
748,2024-03-06,42.125,24.625,1.199117660522461
749,2024-03-06,42.375,24.625,
750,2024-03-06,42.625,24.625,2.009958505630493
751,2024-03-06,42.875,24.625,2.393623113632202
752,2024-03-06,43.125,24.625,1.293097734451294
753,2024-03-06,43.375,24.625,
754,2024-03-06,43.625,24.625,
755,2024-03-06,43.875,24.625,
756,2024-03-06,44.125,24.625,
757,2024-03-06,44.375,24.625,1.0660159587860107
758,2024-03-06,44.625,24.625,1.7197595834732056
759,2024-03-06,44.875,24.625,2.0756046772003174
760,2024-03-06,35.125,24.875,
761,2024-03-06,35.375,24.875,
762,2024-03-06,35.625,24.875,
763,2024-03-06,35.875,24.875,
764,2024-03-06,36.125,24.875,
765,2024-03-06,36.375,24.875,
766,2024-03-06,36.625,24.875,
767,2024-03-06,36.875,24.875,
768,2024-03-06,37.125,24.875,2.605088710784912
769,2024-03-06,37.375,24.875,3.8200039863586426
770,2024-03-06,37.625,24.875,4.634320259094238
771,2024-03-06,37.875,24.875,12.995380401611328
772,2024-03-06,38.125,24.875,7.806415557861328
773,2024-03-06,38.375,24.875,3.838634490966797
774,2024-03-06,38.625,24.875,12.9343900680542
775,2024-03-06,38.875,24.875,38.23324203491211
776,2024-03-06,39.125,24.875,52.08823013305664
777,2024-03-06,39.375,24.875,59.58563995361328
778,2024-03-06,39.625,24.875,53.044898986816406
779,2024-03-06,39.875,24.875,23.54555892944336
780,2024-03-06,40.125,24.875,59.73711013793945
781,2024-03-06,40.375,24.875,66.87291717529297
782,2024-03-06,40.625,24.875,87.75784301757812
783,2024-03-06,40.875,24.875,102.89462280273438
784,2024-03-06,41.125,24.875,4.36910343170166
785,2024-03-06,41.375,24.875,5.572322845458984
786,2024-03-06,41.625,24.875,2.7525196075439453
787,2024-03-06,41.875,24.875,1.6393084526062012
788,2024-03-06,42.125,24.875,1.5444217920303345
789,2024-03-06,42.375,24.875,
790,2024-03-06,42.625,24.875,2.227323532104492
791,2024-03-06,42.875,24.875,2.879040479660034
792,2024-03-06,43.125,24.875,1.9125025272369385
793,2024-03-06,43.375,24.875,
794,2024-03-06,43.625,24.875,
795,2024-03-06,43.875,24.875,
796,2024-03-06,44.125,24.875,
797,2024-03-06,44.375,24.875,
798,2024-03-06,44.625,24.875,
799,2024-03-06,44.875,24.875,1.0876359939575195
800,2024-03-06,35.125,25.125,
801,2024-03-06,35.375,25.125,
802,2024-03-06,35.625,25.125,
803,2024-03-06,35.875,25.125,
804,2024-03-06,36.125,25.125,
805,2024-03-06,36.375,25.125,
806,2024-03-06,36.625,25.125,
807,2024-03-06,36.875,25.125,
808,2024-03-06,37.125,25.125,2.408001661300659
809,2024-03-06,37.375,25.125,14.15877914428711
810,2024-03-06,37.625,25.125,2.6006457805633545
811,2024-03-06,37.875,25.125,11.380427360534668
812,2024-03-06,38.125,25.125,8.97741413116455
813,2024-03-06,38.375,25.125,4.711522579193115
814,2024-03-06,38.625,25.125,4.568495273590088
815,2024-03-06,38.875,25.125,69.38189697265625
816,2024-03-06,39.125,25.125,103.08402252197266
817,2024-03-06,39.375,25.125,65.22010803222656
818,2024-03-06,39.625,25.125,30.91610336303711
819,2024-03-06,39.875,25.125,14.696094512939453
820,2024-03-06,40.125,25.125,40.215641021728516
821,2024-03-06,40.375,25.125,42.7342529296875
822,2024-03-06,40.625,25.125,51.79001235961914
823,2024-03-06,40.875,25.125,67.47785949707031
824,2024-03-06,41.125,25.125,3.8996429443359375
825,2024-03-06,41.375,25.125,4.589461803436279
826,2024-03-06,41.625,25.125,3.897996664047241
827,2024-03-06,41.875,25.125,1.3771083354949951
828,2024-03-06,42.125,25.125,1.0701498985290527
829,2024-03-06,42.375,25.125,1.4484195709228516
830,2024-03-06,42.625,25.125,2.781414270401001
831,2024-03-06,42.875,25.125,3.241267204284668
832,2024-03-06,43.125,25.125,1.6108906269073486
833,2024-03-06,43.375,25.125,
834,2024-03-06,43.625,25.125,
835,2024-03-06,43.875,25.125,
836,2024-03-06,44.125,25.125,
837,2024-03-06,44.375,25.125,
838,2024-03-06,44.625,25.125,
839,2024-03-06,44.875,25.125,
840,2024-03-06,35.125,25.375,
841,2024-03-06,35.375,25.375,
842,2024-03-06,35.625,25.375,
843,2024-03-06,35.875,25.375,
844,2024-03-06,36.125,25.375,
845,2024-03-06,36.375,25.375,
846,2024-03-06,36.625,25.375,
847,2024-03-06,36.875,25.375,7.4093098640441895
848,2024-03-06,37.125,25.375,2.695373773574829
849,2024-03-06,37.375,25.375,13.958528518676758
850,2024-03-06,37.625,25.375,5.616491317749023
851,2024-03-06,37.875,25.375,5.1470417976379395
852,2024-03-06,38.125,25.375,15.55451774597168
853,2024-03-06,38.375,25.375,26.274808883666992
854,2024-03-06,38.625,25.375,91.6583251953125
855,2024-03-06,38.875,25.375,65.3644790649414
856,2024-03-06,39.125,25.375,98.75547790527344
857,2024-03-06,39.375,25.375,92.5150146484375
858,2024-03-06,39.625,25.375,16.929670333862305
859,2024-03-06,39.875,25.375,34.28520584106445
860,2024-03-06,40.125,25.375,32.525901794433594
861,2024-03-06,40.375,25.375,22.716426849365234
862,2024-03-06,40.625,25.375,30.22037124633789
863,2024-03-06,40.875,25.375,23.808835983276367
864,2024-03-06,41.125,25.375,3.983938455581665
865,2024-03-06,41.375,25.375,2.9829530715942383
866,2024-03-06,41.625,25.375,4.355601787567139
867,2024-03-06,41.875,25.375,3.5323495864868164
868,2024-03-06,42.125,25.375,2.921203374862671
869,2024-03-06,42.375,25.375,2.0148096084594727
870,2024-03-06,42.625,25.375,2.825272798538208
871,2024-03-06,42.875,25.375,2.869372606277466
872,2024-03-06,43.125,25.375,
873,2024-03-06,43.375,25.375,
874,2024-03-06,43.625,25.375,
875,2024-03-06,43.875,25.375,
876,2024-03-06,44.125,25.375,
877,2024-03-06,44.375,25.375,
878,2024-03-06,44.625,25.375,
879,2024-03-06,44.875,25.375,
880,2024-03-06,35.125,25.625,1.5467640161514282
881,2024-03-06,35.375,25.625,
882,2024-03-06,35.625,25.625,
883,2024-03-06,35.875,25.625,
884,2024-03-06,36.125,25.625,
885,2024-03-06,36.375,25.625,
886,2024-03-06,36.625,25.625,7.293843746185303
887,2024-03-06,36.875,25.625,9.278594017028809
888,2024-03-06,37.125,25.625,10.279336929321289
889,2024-03-06,37.375,25.625,45.959022521972656
890,2024-03-06,37.625,25.625,67.19419860839844
891,2024-03-06,37.875,25.625,75.4652099609375
892,2024-03-06,38.125,25.625,106.14942169189453
893,2024-03-06,38.375,25.625,148.0909881591797
894,2024-03-06,38.625,25.625,124.71349334716797
895,2024-03-06,38.875,25.625,73.74288177490234
896,2024-03-06,39.125,25.625,45.00741958618164
897,2024-03-06,39.375,25.625,30.188613891601562
898,2024-03-06,39.625,25.625,11.646024703979492
899,2024-03-06,39.875,25.625,15.9335355758667
900,2024-03-06,40.125,25.625,30.956012725830078
901,2024-03-06,40.375,25.625,19.184141159057617
902,2024-03-06,40.625,25.625,20.69093894958496
903,2024-03-06,40.875,25.625,3.834223747253418
904,2024-03-06,41.125,25.625,4.738417148590088
905,2024-03-06,41.375,25.625,4.115413665771484
906,2024-03-06,41.625,25.625,5.87495231628418
907,2024-03-06,41.875,25.625,3.963686943054199
908,2024-03-06,42.125,25.625,1.9044188261032104
909,2024-03-06,42.375,25.625,
910,2024-03-06,42.625,25.625,1.742900013923645
911,2024-03-06,42.875,25.625,2.9631173610687256
912,2024-03-06,43.125,25.625,
913,2024-03-06,43.375,25.625,
914,2024-03-06,43.625,25.625,
915,2024-03-06,43.875,25.625,
916,2024-03-06,44.125,25.625,
917,2024-03-06,44.375,25.625,
918,2024-03-06,44.625,25.625,
919,2024-03-06,44.875,25.625,
920,2024-03-06,35.125,25.875,
921,2024-03-06,35.375,25.875,
922,2024-03-06,35.625,25.875,
923,2024-03-06,35.875,25.875,
924,2024-03-06,36.125,25.875,
925,2024-03-06,36.375,25.875,21.264860153198242
926,2024-03-06,36.625,25.875,21.563480377197266
927,2024-03-06,36.875,25.875,16.496442794799805
928,2024-03-06,37.125,25.875,31.45956802368164
929,2024-03-06,37.375,25.875,26.628049850463867
930,2024-03-06,37.625,25.875,44.7741584777832
931,2024-03-06,37.875,25.875,79.69407653808594
932,2024-03-06,38.125,25.875,135.0653076171875
933,2024-03-06,38.375,25.875,112.1117935180664
934,2024-03-06,38.625,25.875,69.88818359375
935,2024-03-06,38.875,25.875,43.98828887939453
936,2024-03-06,39.125,25.875,22.403532028198242
937,2024-03-06,39.375,25.875,21.558395385742188
938,2024-03-06,39.625,25.875,25.035600662231445
939,2024-03-06,39.875,25.875,29.092649459838867
940,2024-03-06,40.125,25.875,29.53483009338379
941,2024-03-06,40.375,25.875,15.541824340820312
942,2024-03-06,40.625,25.875,15.980843544006348
943,2024-03-06,40.875,25.875,3.7200686931610107
944,2024-03-06,41.125,25.875,5.838994979858398
945,2024-03-06,41.375,25.875,4.679012775421143
946,2024-03-06,41.625,25.875,5.713793754577637
947,2024-03-06,41.875,25.875,4.6609697341918945
948,2024-03-06,42.125,25.875,3.0520260334014893
949,2024-03-06,42.375,25.875,
950,2024-03-06,42.625,25.875,
951,2024-03-06,42.875,25.875,
952,2024-03-06,43.125,25.875,
953,2024-03-06,43.375,25.875,
954,2024-03-06,43.625,25.875,
955,2024-03-06,43.875,25.875,
956,2024-03-06,44.125,25.875,
957,2024-03-06,44.375,25.875,
958,2024-03-06,44.625,25.875,
959,2024-03-06,44.875,25.875,
960,2024-03-06,35.125,26.125,
961,2024-03-06,35.375,26.125,
962,2024-03-06,35.625,26.125,
963,2024-03-06,35.875,26.125,
964,2024-03-06,36.125,26.125,
965,2024-03-06,36.375,26.125,
966,2024-03-06,36.625,26.125,
967,2024-03-06,36.875,26.125,
968,2024-03-06,37.125,26.125,
969,2024-03-06,37.375,26.125,
970,2024-03-06,37.625,26.125,4.919914722442627
971,2024-03-06,37.875,26.125,45.056880950927734
972,2024-03-06,38.125,26.125,79.7812728881836
973,2024-03-06,38.375,26.125,16.673147201538086
974,2024-03-06,38.625,26.125,69.00946044921875
975,2024-03-06,38.875,26.125,57.805233001708984
976,2024-03-06,39.125,26.125,23.57830810546875
977,2024-03-06,39.375,26.125,48.92102813720703
978,2024-03-06,39.625,26.125,43.95705795288086
979,2024-03-06,39.875,26.125,27.396562576293945
980,2024-03-06,40.125,26.125,15.670499801635742
981,2024-03-06,40.375,26.125,14.770934104919434
982,2024-03-06,40.625,26.125,14.912376403808594
983,2024-03-06,40.875,26.125,10.102132797241211
984,2024-03-06,41.125,26.125,8.020905494689941
985,2024-03-06,41.375,26.125,7.086038112640381
986,2024-03-06,41.625,26.125,7.084847450256348
987,2024-03-06,41.875,26.125,4.277684688568115
988,2024-03-06,42.125,26.125,3.006113290786743
989,2024-03-06,42.375,26.125,
990,2024-03-06,42.625,26.125,
991,2024-03-06,42.875,26.125,
992,2024-03-06,43.125,26.125,
993,2024-03-06,43.375,26.125,
994,2024-03-06,43.625,26.125,
995,2024-03-06,43.875,26.125,
996,2024-03-06,44.125,26.125,
997,2024-03-06,44.375,26.125,
998,2024-03-06,44.625,26.125,
999,2024-03-06,44.875,26.125,
1000,2024-03-06,35.125,26.375,
1001,2024-03-06,35.375,26.375,
1002,2024-03-06,35.625,26.375,
1003,2024-03-06,35.875,26.375,
1004,2024-03-06,36.125,26.375,
1005,2024-03-06,36.375,26.375,
1006,2024-03-06,36.625,26.375,
1007,2024-03-06,36.875,26.375,
1008,2024-03-06,37.125,26.375,1.4541823863983154
1009,2024-03-06,37.375,26.375,1.392366647720337
1010,2024-03-06,37.625,26.375,10.11308479309082
1011,2024-03-06,37.875,26.375,43.638492584228516
1012,2024-03-06,38.125,26.375,56.665645599365234
1013,2024-03-06,38.375,26.375,64.51900482177734
1014,2024-03-06,38.625,26.375,64.6811752319336
1015,2024-03-06,38.875,26.375,90.49990844726562
1016,2024-03-06,39.125,26.375,14.029359817504883
1017,2024-03-06,39.375,26.375,56.54594421386719
1018,2024-03-06,39.625,26.375,8.434186935424805
1019,2024-03-06,39.875,26.375,6.394956588745117
1020,2024-03-06,40.125,26.375,4.170657634735107
1021,2024-03-06,40.375,26.375,5.745074272155762
1022,2024-03-06,40.625,26.375,6.893935680389404
1023,2024-03-06,40.875,26.375,13.435588836669922
1024,2024-03-06,41.125,26.375,7.9478278160095215
1025,2024-03-06,41.375,26.375,7.791436195373535
1026,2024-03-06,41.625,26.375,6.866323947906494
1027,2024-03-06,41.875,26.375,4.4283447265625
1028,2024-03-06,42.125,26.375,2.336698293685913
1029,2024-03-06,42.375,26.375,
1030,2024-03-06,42.625,26.375,
1031,2024-03-06,42.875,26.375,
1032,2024-03-06,43.125,26.375,
1033,2024-03-06,43.375,26.375,
1034,2024-03-06,43.625,26.375,
1035,2024-03-06,43.875,26.375,
1036,2024-03-06,44.125,26.375,
1037,2024-03-06,44.375,26.375,
1038,2024-03-06,44.625,26.375,
1039,2024-03-06,44.875,26.375,
1040,2024-03-06,35.125,26.625,
1041,2024-03-06,35.375,26.625,
1042,2024-03-06,35.625,26.625,
1043,2024-03-06,35.875,26.625,
1044,2024-03-06,36.125,26.625,
1045,2024-03-06,36.375,26.625,2.1611175537109375
1046,2024-03-06,36.625,26.625,9.577984809875488
1047,2024-03-06,36.875,26.625,27.765810012817383
1048,2024-03-06,37.125,26.625,27.576068878173828
1049,2024-03-06,37.375,26.625,51.34144592285156
1050,2024-03-06,37.625,26.625,56.47408676147461
1051,2024-03-06,37.875,26.625,80.33983612060547
1052,2024-03-06,38.125,26.625,67.58466339111328
1053,2024-03-06,38.375,26.625,83.47319030761719
1054,2024-03-06,38.625,26.625,72.29917907714844
1055,2024-03-06,38.875,26.625,71.62189483642578
1056,2024-03-06,39.125,26.625,58.67432403564453
1057,2024-03-06,39.375,26.625,44.21056365966797
1058,2024-03-06,39.625,26.625,9.841628074645996
1059,2024-03-06,39.875,26.625,4.337743759155273
1060,2024-03-06,40.125,26.625,6.090785026550293
1061,2024-03-06,40.375,26.625,18.247087478637695
1062,2024-03-06,40.625,26.625,8.647791862487793
1063,2024-03-06,40.875,26.625,6.687503814697266
1064,2024-03-06,41.125,26.625,9.114971160888672
1065,2024-03-06,41.375,26.625,7.18662691116333
1066,2024-03-06,41.625,26.625,8.402960777282715
1067,2024-03-06,41.875,26.625,5.363581657409668
1068,2024-03-06,42.125,26.625,3.2796692848205566
1069,2024-03-06,42.375,26.625,
1070,2024-03-06,42.625,26.625,
1071,2024-03-06,42.875,26.625,
1072,2024-03-06,43.125,26.625,
1073,2024-03-06,43.375,26.625,
1074,2024-03-06,43.625,26.625,
1075,2024-03-06,43.875,26.625,
1076,2024-03-06,44.125,26.625,
1077,2024-03-06,44.375,26.625,
1078,2024-03-06,44.625,26.625,
1079,2024-03-06,44.875,26.625,
1080,2024-03-06,35.125,26.875,
1081,2024-03-06,35.375,26.875,
1082,2024-03-06,35.625,26.875,
1083,2024-03-06,35.875,26.875,
1084,2024-03-06,36.125,26.875,
1085,2024-03-06,36.375,26.875,7.625213146209717
1086,2024-03-06,36.625,26.875,9.85395336151123
1087,2024-03-06,36.875,26.875,14.169111251831055
1088,2024-03-06,37.125,26.875,6.595621109008789
1089,2024-03-06,37.375,26.875,17.996095657348633
1090,2024-03-06,37.625,26.875,25.000749588012695
1091,2024-03-06,37.875,26.875,55.621376037597656
1092,2024-03-06,38.125,26.875,21.18473243713379
1093,2024-03-06,38.375,26.875,26.976428985595703
1094,2024-03-06,38.625,26.875,20.7481632232666
1095,2024-03-06,38.875,26.875,48.426414489746094
1096,2024-03-06,39.125,26.875,21.295257568359375
1097,2024-03-06,39.375,26.875,16.465158462524414
1098,2024-03-06,39.625,26.875,12.501145362854004
1099,2024-03-06,39.875,26.875,4.420844078063965
1100,2024-03-06,40.125,26.875,7.614816665649414
1101,2024-03-06,40.375,26.875,26.403079986572266
1102,2024-03-06,40.625,26.875,4.531879425048828
1103,2024-03-06,40.875,26.875,4.245413780212402
1104,2024-03-06,41.125,26.875,8.32887077331543
1105,2024-03-06,41.375,26.875,8.77517032623291
1106,2024-03-06,41.625,26.875,9.777997016906738
1107,2024-03-06,41.875,26.875,4.866110801696777
1108,2024-03-06,42.125,26.875,3.094343662261963
1109,2024-03-06,42.375,26.875,
1110,2024-03-06,42.625,26.875,
1111,2024-03-06,42.875,26.875,
1112,2024-03-06,43.125,26.875,
1113,2024-03-06,43.375,26.875,
1114,2024-03-06,43.625,26.875,
1115,2024-03-06,43.875,26.875,
1116,2024-03-06,44.125,26.875,
1117,2024-03-06,44.375,26.875,
1118,2024-03-06,44.625,26.875,
1119,2024-03-06,44.875,26.875,1.1611374616622925
1120,2024-03-06,35.125,27.125,
1121,2024-03-06,35.375,27.125,
1122,2024-03-06,35.625,27.125,
1123,2024-03-06,35.875,27.125,
1124,2024-03-06,36.125,27.125,
1125,2024-03-06,36.375,27.125,13.488314628601074
1126,2024-03-06,36.625,27.125,3.837447166442871
1127,2024-03-06,36.875,27.125,5.801970958709717
1128,2024-03-06,37.125,27.125,
1129,2024-03-06,37.375,27.125,
1130,2024-03-06,37.625,27.125,6.913450717926025
1131,2024-03-06,37.875,27.125,20.340736389160156
1132,2024-03-06,38.125,27.125,11.758137702941895
1133,2024-03-06,38.375,27.125,16.595417022705078
1134,2024-03-06,38.625,27.125,13.616211891174316
1135,2024-03-06,38.875,27.125,16.878999710083008
1136,2024-03-06,39.125,27.125,14.475663185119629
1137,2024-03-06,39.375,27.125,12.628898620605469
1138,2024-03-06,39.625,27.125,8.616124153137207
1139,2024-03-06,39.875,27.125,2.9801883697509766
1140,2024-03-06,40.125,27.125,5.097018718719482
1141,2024-03-06,40.375,27.125,5.125659942626953
1142,2024-03-06,40.625,27.125,5.818131446838379
1143,2024-03-06,40.875,27.125,
1144,2024-03-06,41.125,27.125,4.706615447998047
1145,2024-03-06,41.375,27.125,6.92669153213501
1146,2024-03-06,41.625,27.125,7.827853202819824
1147,2024-03-06,41.875,27.125,3.2188611030578613
1148,2024-03-06,42.125,27.125,2.133420705795288
1149,2024-03-06,42.375,27.125,1.3296964168548584
1150,2024-03-06,42.625,27.125,
1151,2024-03-06,42.875,27.125,
1152,2024-03-06,43.125,27.125,
1153,2024-03-06,43.375,27.125,
1154,2024-03-06,43.625,27.125,
1155,2024-03-06,43.875,27.125,
1156,2024-03-06,44.125,27.125,
1157,2024-03-06,44.375,27.125,1.376395344734192
1158,2024-03-06,44.625,27.125,1.890467882156372
1159,2024-03-06,44.875,27.125,1.8902400732040405
1160,2024-03-06,35.125,27.375,
1161,2024-03-06,35.375,27.375,
1162,2024-03-06,35.625,27.375,
1163,2024-03-06,35.875,27.375,
1164,2024-03-06,36.125,27.375,
1165,2024-03-06,36.375,27.375,7.116297721862793
1166,2024-03-06,36.625,27.375,8.325600624084473
1167,2024-03-06,36.875,27.375,7.550361633300781
1168,2024-03-06,37.125,27.375,9.22603988647461
1169,2024-03-06,37.375,27.375,19.70393180847168
1170,2024-03-06,37.625,27.375,10.951371192932129
1171,2024-03-06,37.875,27.375,9.147500038146973
1172,2024-03-06,38.125,27.375,10.398677825927734
1173,2024-03-06,38.375,27.375,16.21024513244629
1174,2024-03-06,38.625,27.375,19.866453170776367
1175,2024-03-06,38.875,27.375,10.295027732849121
1176,2024-03-06,39.125,27.375,10.955277442932129
1177,2024-03-06,39.375,27.375,8.813157081604004
1178,2024-03-06,39.625,27.375,4.733001708984375
1179,2024-03-06,39.875,27.375,2.267097234725952
1180,2024-03-06,40.125,27.375,2.946908712387085
1181,2024-03-06,40.375,27.375,1.683821678161621
1182,2024-03-06,40.625,27.375,2.9125354290008545
1183,2024-03-06,40.875,27.375,3.349807024002075
1184,2024-03-06,41.125,27.375,3.7193949222564697
1185,2024-03-06,41.375,27.375,4.949507236480713
1186,2024-03-06,41.625,27.375,2.5390031337738037
1187,2024-03-06,41.875,27.375,
1188,2024-03-06,42.125,27.375,
1189,2024-03-06,42.375,27.375,1.7529261112213135
1190,2024-03-06,42.625,27.375,1.6588054895401
1191,2024-03-06,42.875,27.375,
1192,2024-03-06,43.125,27.375,
1193,2024-03-06,43.375,27.375,
1194,2024-03-06,43.625,27.375,
1195,2024-03-06,43.875,27.375,
1196,2024-03-06,44.125,27.375,1.2358864545822144
1197,2024-03-06,44.375,27.375,2.053711414337158
1198,2024-03-06,44.625,27.375,2.06252121925354
1199,2024-03-06,44.875,27.375,1.7185192108154297
1200,2024-03-06,35.125,27.625,
1201,2024-03-06,35.375,27.625,
1202,2024-03-06,35.625,27.625,
1203,2024-03-06,35.875,27.625,
1204,2024-03-06,36.125,27.625,1.0909091234207153
1205,2024-03-06,36.375,27.625,3.0060486793518066
1206,2024-03-06,36.625,27.625,15.33587646484375
1207,2024-03-06,36.875,27.625,9.839317321777344
1208,2024-03-06,37.125,27.625,12.68458080291748
1209,2024-03-06,37.375,27.625,20.654460906982422
1210,2024-03-06,37.625,27.625,16.44960594177246
1211,2024-03-06,37.875,27.625,13.487934112548828
1212,2024-03-06,38.125,27.625,13.344625473022461
1213,2024-03-06,38.375,27.625,10.190805435180664
1214,2024-03-06,38.625,27.625,10.711517333984375
1215,2024-03-06,38.875,27.625,8.524691581726074
1216,2024-03-06,39.125,27.625,6.644008159637451
1217,2024-03-06,39.375,27.625,6.5331711769104
1218,2024-03-06,39.625,27.625,3.98266863822937
1219,2024-03-06,39.875,27.625,2.277076005935669
1220,2024-03-06,40.125,27.625,1.9613579511642456
1221,2024-03-06,40.375,27.625,1.0
1222,2024-03-06,40.625,27.625,1.744544506072998
1223,2024-03-06,40.875,27.625,6.28380012512207
1224,2024-03-06,41.125,27.625,3.5955111980438232
1225,2024-03-06,41.375,27.625,4.160456657409668
1226,2024-03-06,41.625,27.625,1.6280795335769653
1227,2024-03-06,41.875,27.625,
1228,2024-03-06,42.125,27.625,
1229,2024-03-06,42.375,27.625,1.3845202922821045
1230,2024-03-06,42.625,27.625,1.336546540260315
1231,2024-03-06,42.875,27.625,1.12916100025177
1232,2024-03-06,43.125,27.625,1.1530673503875732
1233,2024-03-06,43.375,27.625,1.5188279151916504
1234,2024-03-06,43.625,27.625,1.7802587747573853
1235,2024-03-06,43.875,27.625,2.1366679668426514
1236,2024-03-06,44.125,27.625,2.4477696418762207
1237,2024-03-06,44.375,27.625,2.977667808532715
1238,2024-03-06,44.625,27.625,2.2348618507385254
1239,2024-03-06,44.875,27.625,1.970934510231018
1240,2024-03-06,35.125,27.875,
1241,2024-03-06,35.375,27.875,
1242,2024-03-06,35.625,27.875,
1243,2024-03-06,35.875,27.875,
1244,2024-03-06,36.125,27.875,
1245,2024-03-06,36.375,27.875,4.242734432220459
1246,2024-03-06,36.625,27.875,21.177440643310547
1247,2024-03-06,36.875,27.875,14.846362113952637
1248,2024-03-06,37.125,27.875,13.740095138549805
1249,2024-03-06,37.375,27.875,25.974023818969727
1250,2024-03-06,37.625,27.875,19.49146270751953
1251,2024-03-06,37.875,27.875,14.135650634765625
1252,2024-03-06,38.125,27.875,13.404191017150879
1253,2024-03-06,38.375,27.875,10.226747512817383
1254,2024-03-06,38.625,27.875,9.51485824584961
1255,2024-03-06,38.875,27.875,4.337610721588135
1256,2024-03-06,39.125,27.875,2.5672008991241455
1257,2024-03-06,39.375,27.875,3.4209964275360107
1258,2024-03-06,39.625,27.875,3.1091601848602295
1259,2024-03-06,39.875,27.875,2.0251643657684326
1260,2024-03-06,40.125,27.875,
1261,2024-03-06,40.375,27.875,1.8619626760482788
1262,2024-03-06,40.625,27.875,
1263,2024-03-06,40.875,27.875,4.797887325286865
1264,2024-03-06,41.125,27.875,3.79748797416687
1265,2024-03-06,41.375,27.875,3.9433088302612305
1266,2024-03-06,41.625,27.875,2.537274122238159
1267,2024-03-06,41.875,27.875,
1268,2024-03-06,42.125,27.875,
1269,2024-03-06,42.375,27.875,
1270,2024-03-06,42.625,27.875,
1271,2024-03-06,42.875,27.875,
1272,2024-03-06,43.125,27.875,
1273,2024-03-06,43.375,27.875,1.2262614965438843
1274,2024-03-06,43.625,27.875,1.776630163192749
1275,2024-03-06,43.875,27.875,2.2231454849243164
1276,2024-03-06,44.125,27.875,3.125478982925415
1277,2024-03-06,44.375,27.875,3.395535469055176
1278,2024-03-06,44.625,27.875,2.994183301925659
1279,2024-03-06,44.875,27.875,2.24729585647583
1280,2024-03-06,35.125,28.125,
1281,2024-03-06,35.375,28.125,
1282,2024-03-06,35.625,28.125,
1283,2024-03-06,35.875,28.125,
1284,2024-03-06,36.125,28.125,
1285,2024-03-06,36.375,28.125,3.0677285194396973
1286,2024-03-06,36.625,28.125,13.26730728149414
1287,2024-03-06,36.875,28.125,7.478250503540039
1288,2024-03-06,37.125,28.125,15.080845832824707
1289,2024-03-06,37.375,28.125,23.890872955322266
1290,2024-03-06,37.625,28.125,15.143284797668457
1291,2024-03-06,37.875,28.125,12.682623863220215
1292,2024-03-06,38.125,28.125,12.461743354797363
1293,2024-03-06,38.375,28.125,8.470430374145508
1294,2024-03-06,38.625,28.125,7.30940580368042
1295,2024-03-06,38.875,28.125,3.9691925048828125
1296,2024-03-06,39.125,28.125,2.1612186431884766
1297,2024-03-06,39.375,28.125,1.826591968536377
1298,2024-03-06,39.625,28.125,1.7404717206954956
1299,2024-03-06,39.875,28.125,1.5814279317855835
1300,2024-03-06,40.125,28.125,1.6856215000152588
1301,2024-03-06,40.375,28.125,1.3953245878219604
1302,2024-03-06,40.625,28.125,4.795362949371338
1303,2024-03-06,40.875,28.125,2.131070852279663
1304,2024-03-06,41.125,28.125,3.12027645111084
1305,2024-03-06,41.375,28.125,5.2281341552734375
1306,2024-03-06,41.625,28.125,4.222672462463379
1307,2024-03-06,41.875,28.125,2.9888081550598145
1308,2024-03-06,42.125,28.125,
1309,2024-03-06,42.375,28.125,
1310,2024-03-06,42.625,28.125,
1311,2024-03-06,42.875,28.125,
1312,2024-03-06,43.125,28.125,
1313,2024-03-06,43.375,28.125,1.5681583881378174
1314,2024-03-06,43.625,28.125,2.2534966468811035
1315,2024-03-06,43.875,28.125,2.5265114307403564
1316,2024-03-06,44.125,28.125,3.0189931392669678
1317,2024-03-06,44.375,28.125,2.7642505168914795
1318,2024-03-06,44.625,28.125,2.2168922424316406
1319,2024-03-06,44.875,28.125,2.060458183288574
1320,2024-03-06,35.125,28.375,
1321,2024-03-06,35.375,28.375,
1322,2024-03-06,35.625,28.375,
1323,2024-03-06,35.875,28.375,
1324,2024-03-06,36.125,28.375,
1325,2024-03-06,36.375,28.375,
1326,2024-03-06,36.625,28.375,2.310554265975952
1327,2024-03-06,36.875,28.375,3.107839345932007
1328,2024-03-06,37.125,28.375,10.406115531921387
1329,2024-03-06,37.375,28.375,12.166815757751465
1330,2024-03-06,37.625,28.375,11.42078685760498
1331,2024-03-06,37.875,28.375,11.230957984924316
1332,2024-03-06,38.125,28.375,6.611631393432617
1333,2024-03-06,38.375,28.375,7.6454854011535645
1334,2024-03-06,38.625,28.375,5.607690334320068
1335,2024-03-06,38.875,28.375,3.1005961894989014
1336,2024-03-06,39.125,28.375,1.6037181615829468
1337,2024-03-06,39.375,28.375,1.547584891319275
1338,2024-03-06,39.625,28.375,1.4421535730361938
1339,2024-03-06,39.875,28.375,2.196791410446167
1340,2024-03-06,40.125,28.375,3.801309585571289
1341,2024-03-06,40.375,28.375,4.650606155395508
1342,2024-03-06,40.625,28.375,4.2519850730896
1343,2024-03-06,40.875,28.375,5.494087219238281
1344,2024-03-06,41.125,28.375,3.6516401767730713
1345,2024-03-06,41.375,28.375,2.8028194904327393
1346,2024-03-06,41.625,28.375,2.7886552810668945
1347,2024-03-06,41.875,28.375,3.7707293033599854
1348,2024-03-06,42.125,28.375,
1349,2024-03-06,42.375,28.375,
1350,2024-03-06,42.625,28.375,
1351,2024-03-06,42.875,28.375,
1352,2024-03-06,43.125,28.375,
1353,2024-03-06,43.375,28.375,
1354,2024-03-06,43.625,28.375,2.4636244773864746
1355,2024-03-06,43.875,28.375,3.6355884075164795
1356,2024-03-06,44.125,28.375,3.175135850906372
1357,2024-03-06,44.375,28.375,2.4897947311401367
1358,2024-03-06,44.625,28.375,1.7467660903930664
1359,2024-03-06,44.875,28.375,1.949589729309082
1360,2024-03-06,35.125,28.625,
1361,2024-03-06,35.375,28.625,
1362,2024-03-06,35.625,28.625,
1363,2024-03-06,35.875,28.625,
1364,2024-03-06,36.125,28.625,
1365,2024-03-06,36.375,28.625,4.17422342300415
1366,2024-03-06,36.625,28.625,12.775806427001953
1367,2024-03-06,36.875,28.625,1.625892162322998
1368,2024-03-06,37.125,28.625,4.521456241607666
1369,2024-03-06,37.375,28.625,5.993471145629883
1370,2024-03-06,37.625,28.625,7.619678497314453
1371,2024-03-06,37.875,28.625,7.590394020080566
1372,2024-03-06,38.125,28.625,4.2728753089904785
1373,2024-03-06,38.375,28.625,4.389171123504639
1374,2024-03-06,38.625,28.625,3.0239851474761963
1375,2024-03-06,38.875,28.625,1.8442329168319702
1376,2024-03-06,39.125,28.625,
1377,2024-03-06,39.375,28.625,
1378,2024-03-06,39.625,28.625,
1379,2024-03-06,39.875,28.625,1.741174340248108
1380,2024-03-06,40.125,28.625,3.3623805046081543
1381,2024-03-06,40.375,28.625,6.4492106437683105
1382,2024-03-06,40.625,28.625,6.215419769287109
1383,2024-03-06,40.875,28.625,6.262450218200684
1384,2024-03-06,41.125,28.625,3.951909303665161
1385,2024-03-06,41.375,28.625,5.432075500488281
1386,2024-03-06,41.625,28.625,2.422170400619507
1387,2024-03-06,41.875,28.625,2.2794189453125
1388,2024-03-06,42.125,28.625,
1389,2024-03-06,42.375,28.625,
1390,2024-03-06,42.625,28.625,
1391,2024-03-06,42.875,28.625,
1392,2024-03-06,43.125,28.625,
1393,2024-03-06,43.375,28.625,
1394,2024-03-06,43.625,28.625,
1395,2024-03-06,43.875,28.625,
1396,2024-03-06,44.125,28.625,3.087784767150879
1397,2024-03-06,44.375,28.625,2.035189151763916
1398,2024-03-06,44.625,28.625,1.3602852821350098
1399,2024-03-06,44.875,28.625,1.3321086168289185
1400,2024-03-06,35.125,28.875,
1401,2024-03-06,35.375,28.875,
1402,2024-03-06,35.625,28.875,
1403,2024-03-06,35.875,28.875,1.0126302242279053
1404,2024-03-06,36.125,28.875,4.127145767211914
1405,2024-03-06,36.375,28.875,7.710779190063477
1406,2024-03-06,36.625,28.875,13.969932556152344
1407,2024-03-06,36.875,28.875,8.627925872802734
1408,2024-03-06,37.125,28.875,3.8859646320343018
1409,2024-03-06,37.375,28.875,3.825321912765503
1410,2024-03-06,37.625,28.875,4.652209758758545
1411,2024-03-06,37.875,28.875,5.291633129119873
1412,2024-03-06,38.125,28.875,4.856935977935791
1413,2024-03-06,38.375,28.875,3.085665702819824
1414,2024-03-06,38.625,28.875,4.564467906951904
1415,2024-03-06,38.875,28.875,1.9511266946792603
1416,2024-03-06,39.125,28.875,
1417,2024-03-06,39.375,28.875,
1418,2024-03-06,39.625,28.875,1.313249945640564
1419,2024-03-06,39.875,28.875,2.5142440795898438
1420,2024-03-06,40.125,28.875,3.3294968605041504
1421,2024-03-06,40.375,28.875,29.35609245300293
1422,2024-03-06,40.625,28.875,24.10017204284668
1423,2024-03-06,40.875,28.875,4.8960700035095215
1424,2024-03-06,41.125,28.875,3.4730098247528076
1425,2024-03-06,41.375,28.875,4.101043224334717
1426,2024-03-06,41.625,28.875,1.6562936305999756
1427,2024-03-06,41.875,28.875,3.532668113708496
1428,2024-03-06,42.125,28.875,
1429,2024-03-06,42.375,28.875,
1430,2024-03-06,42.625,28.875,
1431,2024-03-06,42.875,28.875,
1432,2024-03-06,43.125,28.875,
1433,2024-03-06,43.375,28.875,
1434,2024-03-06,43.625,28.875,
1435,2024-03-06,43.875,28.875,
1436,2024-03-06,44.125,28.875,
1437,2024-03-06,44.375,28.875,
1438,2024-03-06,44.625,28.875,
1439,2024-03-06,44.875,28.875,1.1504716873168945
1440,2024-03-06,35.125,29.125,
1441,2024-03-06,35.375,29.125,
1442,2024-03-06,35.625,29.125,
1443,2024-03-06,35.875,29.125,
1444,2024-03-06,36.125,29.125,
1445,2024-03-06,36.375,29.125,1.0660712718963623
1446,2024-03-06,36.625,29.125,3.3856046199798584
1447,2024-03-06,36.875,29.125,7.084113597869873
1448,2024-03-06,37.125,29.125,5.974864959716797
1449,2024-03-06,37.375,29.125,3.7944486141204834
1450,2024-03-06,37.625,29.125,4.424179553985596
1451,2024-03-06,37.875,29.125,4.432689666748047
1452,2024-03-06,38.125,29.125,4.216341495513916
1453,2024-03-06,38.375,29.125,6.357442855834961
1454,2024-03-06,38.625,29.125,5.778720855712891
1455,2024-03-06,38.875,29.125,3.771759033203125
1456,2024-03-06,39.125,29.125,
1457,2024-03-06,39.375,29.125,1.5566024780273438
1458,2024-03-06,39.625,29.125,1.2327189445495605
1459,2024-03-06,39.875,29.125,3.6553404331207275
1460,2024-03-06,40.125,29.125,3.2960824966430664
1461,2024-03-06,40.375,29.125,3.7953860759735107
1462,2024-03-06,40.625,29.125,13.142648696899414
1463,2024-03-06,40.875,29.125,6.15437650680542
1464,2024-03-06,41.125,29.125,2.280275821685791
1465,2024-03-06,41.375,29.125,2.8520431518554688
1466,2024-03-06,41.625,29.125,5.484153747558594
1467,2024-03-06,41.875,29.125,5.564388751983643
1468,2024-03-06,42.125,29.125,
1469,2024-03-06,42.375,29.125,
1470,2024-03-06,42.625,29.125,
1471,2024-03-06,42.875,29.125,
1472,2024-03-06,43.125,29.125,
1473,2024-03-06,43.375,29.125,
1474,2024-03-06,43.625,29.125,
1475,2024-03-06,43.875,29.125,
1476,2024-03-06,44.125,29.125,
1477,2024-03-06,44.375,29.125,
1478,2024-03-06,44.625,29.125,
1479,2024-03-06,44.875,29.125,
1480,2024-03-06,35.125,29.375,
1481,2024-03-06,35.375,29.375,
1482,2024-03-06,35.625,29.375,
1483,2024-03-06,35.875,29.375,
1484,2024-03-06,36.125,29.375,17.314247131347656
1485,2024-03-06,36.375,29.375,6.8096418380737305
1486,2024-03-06,36.625,29.375,7.193996429443359
1487,2024-03-06,36.875,29.375,7.1338701248168945
1488,2024-03-06,37.125,29.375,5.005480766296387
1489,2024-03-06,37.375,29.375,3.8761675357818604
1490,2024-03-06,37.625,29.375,3.3155858516693115
1491,2024-03-06,37.875,29.375,3.0355052947998047
1492,2024-03-06,38.125,29.375,2.7581100463867188
1493,2024-03-06,38.375,29.375,6.978544235229492
1494,2024-03-06,38.625,29.375,4.284056186676025
1495,2024-03-06,38.875,29.375,3.57879638671875
1496,2024-03-06,39.125,29.375,3.1654129028320312
1497,2024-03-06,39.375,29.375,3.192056655883789
1498,2024-03-06,39.625,29.375,3.4628818035125732
1499,2024-03-06,39.875,29.375,2.333892822265625
1500,2024-03-06,40.125,29.375,1.8033555746078491
1501,2024-03-06,40.375,29.375,2.0205862522125244
1502,2024-03-06,40.625,29.375,2.705092430114746
1503,2024-03-06,40.875,29.375,1.9132685661315918
1504,2024-03-06,41.125,29.375,2.911834478378296
1505,2024-03-06,41.375,29.375,2.6072564125061035
1506,2024-03-06,41.625,29.375,8.652571678161621
1507,2024-03-06,41.875,29.375,7.397720813751221
1508,2024-03-06,42.125,29.375,
1509,2024-03-06,42.375,29.375,
1510,2024-03-06,42.625,29.375,
1511,2024-03-06,42.875,29.375,
1512,2024-03-06,43.125,29.375,
1513,2024-03-06,43.375,29.375,
1514,2024-03-06,43.625,29.375,
1515,2024-03-06,43.875,29.375,
1516,2024-03-06,44.125,29.375,
1517,2024-03-06,44.375,29.375,
1518,2024-03-06,44.625,29.375,
1519,2024-03-06,44.875,29.375,
1520,2024-03-06,35.125,29.625,
1521,2024-03-06,35.375,29.625,
1522,2024-03-06,35.625,29.625,
1523,2024-03-06,35.875,29.625,
1524,2024-03-06,36.125,29.625,6.558170795440674
1525,2024-03-06,36.375,29.625,2.2904422283172607
1526,2024-03-06,36.625,29.625,1.7773070335388184
1527,2024-03-06,36.875,29.625,3.7490084171295166
1528,2024-03-06,37.125,29.625,2.5751419067382812
1529,2024-03-06,37.375,29.625,2.758800506591797
1530,2024-03-06,37.625,29.625,1.399684190750122
1531,2024-03-06,37.875,29.625,2.7112510204315186
1532,2024-03-06,38.125,29.625,3.202996015548706
1533,2024-03-06,38.375,29.625,6.193786144256592
1534,2024-03-06,38.625,29.625,4.520205497741699
1535,2024-03-06,38.875,29.625,3.4755091667175293
1536,2024-03-06,39.125,29.625,4.218636512756348
1537,2024-03-06,39.375,29.625,4.15317440032959
1538,2024-03-06,39.625,29.625,4.046172142028809
1539,2024-03-06,39.875,29.625,3.8936381340026855
1540,2024-03-06,40.125,29.625,3.706406354904175
1541,2024-03-06,40.375,29.625,1.1545288562774658
1542,2024-03-06,40.625,29.625,
1543,2024-03-06,40.875,29.625,1.827030062675476
1544,2024-03-06,41.125,29.625,3.3849117755889893
1545,2024-03-06,41.375,29.625,4.839800834655762
1546,2024-03-06,41.625,29.625,10.530756950378418
1547,2024-03-06,41.875,29.625,9.584563255310059
1548,2024-03-06,42.125,29.625,
1549,2024-03-06,42.375,29.625,
1550,2024-03-06,42.625,29.625,
1551,2024-03-06,42.875,29.625,
1552,2024-03-06,43.125,29.625,
1553,2024-03-06,43.375,29.625,
1554,2024-03-06,43.625,29.625,
1555,2024-03-06,43.875,29.625,
1556,2024-03-06,44.125,29.625,
1557,2024-03-06,44.375,29.625,
1558,2024-03-06,44.625,29.625,
1559,2024-03-06,44.875,29.625,
1560,2024-03-06,35.125,29.875,
1561,2024-03-06,35.375,29.875,
1562,2024-03-06,35.625,29.875,
1563,2024-03-06,35.875,29.875,
1564,2024-03-06,36.125,29.875,3.0995728969573975
1565,2024-03-06,36.375,29.875,5.8339433670043945
1566,2024-03-06,36.625,29.875,1.2694380283355713
1567,2024-03-06,36.875,29.875,1.6492315530776978
1568,2024-03-06,37.125,29.875,2.160069465637207
1569,2024-03-06,37.375,29.875,
1570,2024-03-06,37.625,29.875,
1571,2024-03-06,37.875,29.875,
1572,2024-03-06,38.125,29.875,3.23370361328125
1573,2024-03-06,38.375,29.875,4.670547962188721
1574,2024-03-06,38.625,29.875,7.759715557098389
1575,2024-03-06,38.875,29.875,4.483320713043213
1576,2024-03-06,39.125,29.875,2.2442562580108643
1577,2024-03-06,39.375,29.875,3.464505910873413
1578,2024-03-06,39.625,29.875,3.3641343116760254
1579,2024-03-06,39.875,29.875,2.016655206680298
1580,2024-03-06,40.125,29.875,5.363549709320068
1581,2024-03-06,40.375,29.875,2.1261065006256104
1582,2024-03-06,40.625,29.875,
1583,2024-03-06,40.875,29.875,3.777984142303467
1584,2024-03-06,41.125,29.875,7.699109077453613
1585,2024-03-06,41.375,29.875,7.718699932098389
1586,2024-03-06,41.625,29.875,14.894511222839355
1587,2024-03-06,41.875,29.875,13.610371589660645
1588,2024-03-06,42.125,29.875,1.7569113969802856
1589,2024-03-06,42.375,29.875,
1590,2024-03-06,42.625,29.875,
1591,2024-03-06,42.875,29.875,
1592,2024-03-06,43.125,29.875,
1593,2024-03-06,43.375,29.875,
1594,2024-03-06,43.625,29.875,
1595,2024-03-06,43.875,29.875,
1596,2024-03-06,44.125,29.875,
1597,2024-03-06,44.375,29.875,
1598,2024-03-06,44.625,29.875,
1599,2024-03-06,44.875,29.875,
